,"VIA CARMINATI 24/3",17051,ANDORA,SV,"1984-07-15 00:00:00",,,,1,,"2010-04-01 00:00:00",0,,LSYMMD84L15Z336O,,C,A1,SAVONA,"SETTEMBRE 2015","2022-01-01 00:00:00",0,ANDORA," VIA CARMINATI,44",new,S,,,,,************2022,,7122,,1,0,,,,,,,,,,
,"VIA S. GIORGIO 5/3",17011,"ALBISOLA SUPERIORE",SV,"1960-03-05 00:00:00",,,,1,,"2002-10-01 00:00:00",0,,GJRSND60C05Z100C,,C,A2,SAVONA,"SETTEMBRE 2015","2022-01-01 00:00:00",0,SAVONA,"VIA NIZZA 2",new,S,,,,,************2022,,3506,,2,0,,,,,,,,,,
,"C.P. GRANDI CLI PIAZZA ALDO MORO 6",17100,SAVONA,SV,"1949-01-15 00:00:00",,,,1,,"2008-09-01 00:00:00",0,,CSTRZO49A15L609P,,C,"L.B. S.R.L.",SAVONA,"SETTEMBRE 2015","2022-01-01 00:00:00",0,ALBENGA," VIA TOGLIATTI, 5/3",new,S,,,,,************2022,,8654,,3,0,,,,,,,,,,
,"VIA BUDAMA' II N. 38/6",18100,IMPERIA,IM,"1963-08-19 00:00:00",,,,1,,"2015-06-01 00:00:00",0,,FRASRG63M19E270I,,C,"ITINERA S.P.A.",SAVONA,"MARZO 2022","2022-01-01 00:00:00",0,,,new,S,,,,,************2022,,1668980061,,4,0,,,,,,,,,,
,"VIA S.ROCCO 67/2",17024,"FINALE LIGURE",SV,"1970-10-21 00:00:00",,,,1,,"1991-04-01 00:00:00",0,,SCCCLD70R21E632E,,C,"ACCINELLI S.R.L.",SAVONA,"SETTEMBRE 2015","2022-01-01 00:00:00",0,"FINALE LIGURE","VIA PORTA TESTA 3/A",new,S,,,,,************2022,,23,,5,0,,,,,,,,,,
,"VIA STAZIONE 2/10",17058,"PIANA CRIXIA",SV,"1973-03-14 00:00:00",,,,1,,"2022-04-30 00:00:00",0,,FLPFNC73C14I480L,,C,"MARENCO COSTRUZIONI SRL",SAVONA,"MARZO 2022","2022-01-01 00:00:00",0,,,new,S,,,,,************2022,,1846480091,,6,0,,,,,,,,,,
,"VIA CARMO 18",17011,"ALBISOLA SUPERIORE",SV,"1974-12-26 00:00:00",,,,1,,,0,,STLNTN74T26I480X,,C,"RCK COSTRUZIONI GENERALI",SAVONA,"FEBBRAIO 2015","2022-01-01 00:00:00",0,,,new,S,,,,,************2022,,,,7,0,,,,,,,,,,
,"VIA AGOSTINO CHIODO, 6 6/13",17100,SAVONA,SV,"1970-07-05 00:00:00",,,,1,,,0,,TRNMRZ70L05I480A,,C,"LETIMBRO S.C.A R.L.",SAVONA,"GENNAIO 2019","2022-01-01 00:00:00",0,,,new,S,,,,,************2022,,,,8,0,,,,,,,,,,
,"VIA MARCO AURELIO 10",00061,"ANGUILLARA SABAZIA",RM,"1950-06-25 00:00:00",,,,1,,,0,,FSCNTN50H25A662R,,C,"GEOMETRI F.LLI PRETULA S",SAVONA,"FEBBRAIO 2015","2022-01-01 00:00:00",0,,,new,S,,,,,************2022,,,,9,0,,,,,,,,,,
,"VIA D. ALIGHIERI 21/4",17020,"CALICE LIGURE",SV,"1973-06-10 00:00:00",,,,1,,,0,,MSSLCU73H10D600M,,C,"ARTIGIANA SERVIZI S.N.C. DI SIRI R.",SAVONA,"DICEMBRE 2020","2022-01-01 00:00:00",0,,,new,S,,,,,************2022,3470860164,,,10,0,,,,,,,,,,
,"VIA NAZIONALE PIEMONTE 156/3",17100,SAVONA,SV,"1983-01-23 00:00:00",,,,1,,,0,,BBARCH83A23Z129H,,C,"ARTIGIANA UFIZIALE PONTE",SAVONA,"FEBBRAIO 2015","2022-01-01 00:00:00",0,,,new,S,,,,,************2022,,,,11,0,,,,,,,,,,
,"FRAZIONE S. MICHELE 11",12079,SALICETO,CN,"1967-05-21 00:00:00",,,,1,,,0,,CLLFPP67E21B275Y,,C,"BAGNASCO EDOARDO S.R.L.",SAVONA,"FEBBRAIO 2015","2022-01-01 00:00:00",0,,,new,S,,,,,************2022,,,,12,0,,,,,,,,,,
,"VIA DEGLIORSOLANI SNC",17025,LOANO,SV,"1960-05-11 00:00:00",,,,1,,,0,,MRNRNT60E11I926A,,C,"BAGNASCO EDOARDO S.R.L.",SAVONA,"GENNAIO 2019","2022-01-01 00:00:00",0,,,new,S,,,,,************2022,,,,13,0,,,,,,,,,,
,"REGIONE VALANCA",15010,MERANA,AL,"1968-06-27 00:00:00",,,,1,,,0,,VGNNDR68H27G309K,,C,"RCK COSTRUZIONI GENERALI",SAVONA,"FEBBRAIO 2015","2022-01-01 00:00:00",0,,,new,S,,,,,************2022,,,,14,0,,,,,,,,,,
,"VIA MADONNA DEL BOSCO, 10/13",17014,"CAIRO MONTENOTTE",SV,"1975-03-31 00:00:00",,,,1,,,0,,MTEPRT75C31Z100O,,C,"BERTONE NATALE & C. S.N.",SAVONA,"FEBBRAIO 2015","2022-01-01 00:00:00",0,,,new,S,,,,,************2022,,,,15,0,,,,,,,,,,
,"VIA ALERAMO 112/A-FR.",17021,ALASSIO,SV,"1959-09-20 00:00:00",,,,1,,,0,,MGSFNC59P20F052D,,C,"BOGLIOLO MARIO & C. S.A.",SAVONA,"FEBBRAIO 2015","2022-01-01 00:00:00",0,,,new,S,,,,,************2022,,,,16,0,,,,,,,,,,
,"VIA MONTE NERO, 22/2",17047,"VADO LIGURE",SV,"1970-08-18 00:00:00",,,,1,,,0,,RVLMRC70M18I480G,,C,"BUNURA S.R.L.",SAVONA,"GENNAIO 2019","2022-01-01 00:00:00",0,,,new,S,,,,,************2022,,,,17,0,,,,,,,,,,
,"VIA TRENTO TRIESTE 10/3",17022,"BORGIO VEREZZI",SV,"1970-05-05 00:00:00",,,,1,,,0,,CHRSVT70E05L317M,,C,"BURCHERI ATTILIO",SAVONA,"GENNAIO 2019","2022-01-01 00:00:00",0,,,new,S,,,,,************2022,,,,18,0,,,,,,,,,,
,"VIA CESARE VANINI 4/5",17100,SAVONA,SV,"1962-10-11 00:00:00",,,,1,,,0,,BNCBRN62R11I480O,,C,"C.E.A. DI BUTTIGLIERI VINCENZO-COST",SAVONA,"GENNAIO 2019","2022-01-01 00:00:00",0,,,new,S,,,,,************2022,,,,19,0,,,,,,,,,,
