"EL SAYED ABDEL MAKSOUD MOHAMED","VIA CARMINATI 24/3",,"ANDORA","","15/07/84",,,,1,,"01/04/10",0,,"LSYMMD84L15Z336O",,"C","A.B.D. EDILIZIA DI ABD EL BAKY YASE","SAVONA","SETTEMBRE 2015","22/09/15",,"ANDORA"," VIA CARMINATI,44",,"N",,,,,,,7122
"GJERGJI SKENDER","VIA S. GIORGIO 5/3",,"ALBISOLA SUPERIORE","","05/03/60",,,,1,,"01/10/02",0,,"GJRSND60C05Z100C",,"C","A.L.C.E.-APPALTI LAVORI COSTR. EDIL","SAVONA","SETTEMBRE 2015","22/09/15",,"SAVONA","VIA NIZZA 2",,"N",,,,,,,3506
"COSTANZA ORAZIO","C.P. GRANDI CLI PIAZZA ALDO MORO 6",,"SAVONA","","15/01/49",,,,1,,"01/09/08",0,,"CSTRZO49A15L609P",,"C","L.B. S.R.L.","SAVONA","SETTEMBRE 2015","22/09/15",,"ALBENGA"," VIA TOGLIATTI, 5/3",,"N",,,,,,,8654
"FRAU SERGIO","VIA BUDAMA' II N. 38/6",18100,"IMPERIA","","19/08/63",,,,1,,"01/06/15",0,,"FRASRG63M19E270I",,"C","ITINERA S.P.A.","SAVONA","MARZO 2022","01/03/22",,,,,"S",,"1***********2019","*1*********12020","********1***2021","**1*********2022",,1668980061
"SICCARDI CLAUDIO","VIA S.ROCCO 67/2",17024,"","","21/10/70",,,,1,,"01/04/91",0,,"SCCCLD70R21E632E",,"C","ACCINELLI S.R.L.","SAVONA","SETTEMBRE 2015","22/09/15",,"FINALE LIGURE","VIA PORTA TESTA 3/A",,"N",,,,,,,23
"FILIPPO FRANCESCO","VIA STAZIONE 2/10",17058,"PIANA CRIXIA","SV","14/03/73",,,,1,,"30/04/22",0,,"FLPFNC73C14I480L",,"C","MARENCO COSTRUZIONI SRL","SAVONA","MARZO 2022","01/03/22",,,,,"S",,"1***********2019","*1*********12020","********1***2021","**1*********2022",,1846480091
"STALTARI ANTONIO","VIA CARMO 18",17011,"ALBISOLA SUPERIORE","SV","26/12/74",,,,1,,,0,,"STLNTN74T26I480X",,"C","RCK COSTRUZIONI GENERALI","SAVONA","FEBBRAIO 2015","16/02/15",,,,,"N",,,,,,,
"TURONE MAURIZIO","VIA AGOSTINO CHIODO, 6 6/13",17100,"SAVONA","SV","05/07/70",,,,1,,,0,,"TRNMRZ70L05I480A",,"C","LETIMBRO S.C.A R.L.","SAVONA","GENNAIO 2019","14/01/19",,,,,"N",,"1***********2019",,,,,
"FIASCONARA ANTONIO","VIA MARCO AURELIO 10",61,"ANGUILLARA SABAZIA","RM","25/06/50",,,,1,,,0,,"FSCNTN50H25A662R",,"C","GEOMETRI F.LLI PRETULA S","SAVONA","FEBBRAIO 2015","16/02/15",,,,,"N",,,,,,,
"MASSA LUCA","VIA D. ALIGHIERI 21/4",17020,"CALICE LIGURE","SV","10/06/73",,,,1,,,0,,"MSSLCU73H10D600M",,"C","ARTIGIANA SERVIZI S.N.C. DI SIRI R.","SAVONA","DICEMBRE 2020","01/12/20",,,,,"N",,"1***********2019","*1*********12020",,,3470860164,
"ABABEI IORDACHE","VIA NAZIONALE PIEMONTE 156/3",17100,"SAVONA","SV","23/01/83",,,,1,,,0,,"BBARCH83A23Z129H",,"C","ARTIGIANA UFIZIALE PONTE","SAVONA","FEBBRAIO 2015","16/02/15",,,,,"N",,,,,,,
"COLLETTI FILIPPO","FRAZIONE S. MICHELE 11",12079,"SALICETO","CN","21/05/67",,,,1,,,0,,"CLLFPP67E21B275Y",,"C","BAGNASCO EDOARDO S.R.L.","SAVONA","FEBBRAIO 2015","16/02/15",,,,,"N",,,,,,,
"MARINO RENATO","VIA DEGLIORSOLANI SNC",17025,"LOANO","SV","11/05/60",,,,1,,,0,,"MRNRNT60E11I926A",,"C","BAGNASCO EDOARDO S.R.L.","SAVONA","GENNAIO 2019","14/01/19",,,,,"N",,"1***********2019",,,,,
"VIGNALI ANDREA","REGIONE VALANCA",15010,"MERANA","AL","27/06/68",,,,1,,,0,,"VGNNDR68H27G309K",,"C","RCK COSTRUZIONI GENERALI","SAVONA","FEBBRAIO 2015","16/02/15",,,,,"N",,,,,,,
"META PETRIT","VIA MADONNA DEL BOSCO, 10/13",17014,"CAIRO MONTENOTTE","SV","31/03/75",,,,1,,,0,,"MTEPRT75C31Z100O",,"C","BERTONE NATALE & C. S.N.","SAVONA","FEBBRAIO 2015","16/02/15",,,,,"N",,,,,,,
"MAGISTRO FRANCO","VIA ALERAMO 112/A-FR.",17021,"ALASSIO","SV","20/09/59",,,,1,,,0,,"MGSFNC59P20F052D",,"C","BOGLIOLO MARIO & C. S.A.","SAVONA","FEBBRAIO 2015","16/02/15",,,,,"N",,,,,,,
"RAVIOLA MARCO","VIA MONTE NERO, 22/2",17047,"VADO LIGURE","SV","18/08/70",,,,1,,,0,,"RVLMRC70M18I480G",,"C","BUNURA S.R.L.","SAVONA","GENNAIO 2019","14/01/19",,,,,"N",,"1***********2019",,,,,
"CHIRICO' SALVATORE","VIA TRENTO TRIESTE 10/3",17022,"BORGIO VEREZZI","SV","05/05/70",,,,1,,,0,,"CHRSVT70E05L317M",,"C","BURCHERI ATTILIO","SAVONA","GENNAIO 2019","14/01/19",,,,,"N",,"1***********2019",,,,,
"BIANCHI BRUNO","VIA CESARE VANINI 4/5",17100,"SAVONA","SV","11/10/62",,,,1,,,0,,"BNCBRN62R11I480O",,"C","C.E.A. DI BUTTIGLIERI VINCENZO-COST","SAVONA","GENNAIO 2019","14/01/19",,,,,"N",,"1***********2019",,,,,